id;user_id;potli_id;type;amount;description;created_at
0fc024a5-4a59-4585-a218-4fa262e13b74;312b498a-bf14-4917-b2a7-378b16a8f63c;;income;800.00;Pocket Money;2025-10-26 17:51:23.526983+00
d063fbe8-e2ce-4c33-b196-18afbb301fe1;312b498a-bf14-4917-b2a7-378b16a8f63c;1bd073de-946e-4f14-8cc3-eb07bbd60012;expense;60.00;Auto;2025-10-26 17:52:23.202485+00
abcdc65d-4c73-4f2d-9d2f-5c564d7d6141;312b498a-bf14-4917-b2a7-378b16a8f63c;1bd073de-946e-4f14-8cc3-eb07bbd60012;expense;75.00;notebooks;2025-10-27 09:58:33.765633+00
829881a0-c613-4d42-8c6f-96d35aa984c0;312b498a-bf14-4917-b2a7-378b16a8f63c;;income;400.00;Pocket Money;2025-10-27 10:03:31.431388+00
5b0646a6-e755-4d6e-80bd-baae13cb4680;0d1198e4-5488-4933-b21e-182e514ef3f3;;income;10000.00;Salary;2025-10-27 14:03:37.119263+00
e5221bc1-649d-4cd2-b26c-26932b297770;0d1198e4-5488-4933-b21e-182e514ef3f3;18987ed7-b654-480c-b1c1-40f16681dddf;expense;1000.00;Parents are gods;2025-10-27 14:04:10.030933+00
c80bdfa3-19a3-4d78-8482-92ce3026c936;a48430ef-925a-40de-92d0-05631c665469;;income;700000.00;;2025-10-29 11:20:00.032312+00
621af58c-0adc-4a1f-9058-423bf671cbc6;312b498a-bf14-4917-b2a7-378b16a8f63c;1bd073de-946e-4f14-8cc3-eb07bbd60012;expense;20.00;;2025-10-29 18:33:52.409531+00
9c7df44c-a37e-477d-adf8-d046b1e09127;312b498a-bf14-4917-b2a7-378b16a8f63c;1bd073de-946e-4f14-8cc3-eb07bbd60012;expense;164.00;;2025-11-02 08:07:37.111142+00
7c70e7a3-8a7a-4392-a493-5c6974a04e49;312b498a-bf14-4917-b2a7-378b16a8f63c;70207447-bba3-4e36-8a23-79aea0c9b58d;expense;15.00;;2025-11-03 14:41:19.798026+00
98bc6a9b-1aec-4d28-8f2a-5ab923b363f4;312b498a-bf14-4917-b2a7-378b16a8f63c;;income;1000.00;;2025-11-03 16:20:19.760078+00
7270b1c4-4b01-46b2-9c14-c2a29b174ba0;312b498a-bf14-4917-b2a7-378b16a8f63c;;income;700.00;;2025-11-05 07:01:24.962328+00
467f5d00-7432-4132-b6ec-dcfd0ff13511;312b498a-bf14-4917-b2a7-378b16a8f63c;70207447-bba3-4e36-8a23-79aea0c9b58d;expense;19.00;;2025-11-07 08:35:12.656196+00
c46bafae-cfca-4f24-a72f-fbb81bdaf8b2;312b498a-bf14-4917-b2a7-378b16a8f63c;1276123b-ceaf-4b81-9f7f-545760f2a002;expense;200.00;;2025-11-07 12:18:02.09197+00
b4baf14b-1294-492d-ae46-fa31736e954a;312b498a-bf14-4917-b2a7-378b16a8f63c;1bd073de-946e-4f14-8cc3-eb07bbd60012;expense;290.00;;2025-11-08 08:10:59.485932+00
9454c86c-707a-4176-860c-6128cb1f3b3f;312b498a-bf14-4917-b2a7-378b16a8f63c;70207447-bba3-4e36-8a23-79aea0c9b58d;expense;164.00;;2025-11-08 17:32:44.442928+00
ae8cf358-e7ff-43f6-ad2d-e60ce00a2eea;312b498a-bf14-4917-b2a7-378b16a8f63c;1bd073de-946e-4f14-8cc3-eb07bbd60012;expense;70.00;;2025-11-10 07:43:24.903388+00
16b0f7c5-caab-4994-b5a4-c6403b040a5e;312b498a-bf14-4917-b2a7-378b16a8f63c;1bd073de-946e-4f14-8cc3-eb07bbd60012;expense;200.00;;2025-11-13 11:14:21.82968+00
01348d0e-d4e9-4b9b-a103-e67662210120;312b498a-bf14-4917-b2a7-378b16a8f63c;1bd073de-946e-4f14-8cc3-eb07bbd60012;expense;118.00;;2025-11-17 08:23:32.541222+00
58c0a48f-533a-461e-919e-6f6a5b35cc64;312b498a-bf14-4917-b2a7-378b16a8f63c;1bd073de-946e-4f14-8cc3-eb07bbd60012;expense;110.00;;2025-11-17 08:27:05.019886+00
ef09902f-9ea2-4497-81b3-0f838a68c319;8daecfb4-fc8f-49b5-bd83-48ae2bf19197;;income;10000.00;;2025-11-19 09:24:29.28356+00
afe85669-377f-46b8-b4d8-e83aebe300da;312b498a-bf14-4917-b2a7-378b16a8f63c;70207447-bba3-4e36-8a23-79aea0c9b58d;expense;90.00;;2025-11-21 13:53:40.286603+00
bdb2fae9-ac80-4c4e-b77e-ec1dc77864b5;312b498a-bf14-4917-b2a7-378b16a8f63c;1bd073de-946e-4f14-8cc3-eb07bbd60012;expense;20.00;;2025-11-21 13:53:55.837837+00
b2b5f709-ad48-46c0-9321-3a59e7f9d75f;312b498a-bf14-4917-b2a7-378b16a8f63c;3c74c0f2-b750-4cfa-9042-38908e880a46;expense;20.00;;2025-11-21 13:54:16.012642+00
3d742d2c-bcf9-4da6-b018-390ee5cd9491;312b498a-bf14-4917-b2a7-378b16a8f63c;1bd073de-946e-4f14-8cc3-eb07bbd60012;expense;20.00;;2025-11-21 13:55:56.236811+00
121713f8-b801-4e72-bb0e-f7b72a15b12d;312b498a-bf14-4917-b2a7-378b16a8f63c;;income;2000.00;;2025-11-25 07:31:34.073914+00
eb00dffd-dd58-4691-b1e6-e0acaf8e53bc;312b498a-bf14-4917-b2a7-378b16a8f63c;1bd073de-946e-4f14-8cc3-eb07bbd60012;expense;270.00;;2025-11-26 08:18:50.483857+00
22a3db73-b914-4ce7-bddc-deff1370584f;312b498a-bf14-4917-b2a7-378b16a8f63c;c82775f2-f06a-490f-90cb-4862ee6f5bdd;expense;10.00;;2025-11-26 08:19:41.361812+00
d4f0f8b5-fc09-467e-af42-221e762606e2;312b498a-bf14-4917-b2a7-378b16a8f63c;3c74c0f2-b750-4cfa-9042-38908e880a46;expense;36.00;;2025-11-26 16:50:09.889925+00
10923748-d49a-480d-b215-9645e0c1172b;312b498a-bf14-4917-b2a7-378b16a8f63c;1bd073de-946e-4f14-8cc3-eb07bbd60012;expense;130.00;;2025-11-27 07:25:44.807103+00
b7c42cf3-e2ed-4671-a62b-a78491604289;312b498a-bf14-4917-b2a7-378b16a8f63c;70207447-bba3-4e36-8a23-79aea0c9b58d;expense;30.00;;2025-11-29 09:23:12.99125+00
a7f3f44c-aeff-411d-b684-3e2e48865fe6;312b498a-bf14-4917-b2a7-378b16a8f63c;70207447-bba3-4e36-8a23-79aea0c9b58d;expense;20.00;Chips;2025-11-30 10:38:26.14824+00
3e90f7a1-d31e-48c0-a70a-4296303e033a;312b498a-bf14-4917-b2a7-378b16a8f63c;1bd073de-946e-4f14-8cc3-eb07bbd60012;expense;30.00;Print out poster;2025-12-04 06:01:30.199406+00
14b0ce81-1ffd-4ed5-ab84-9ba85830b5e9;312b498a-bf14-4917-b2a7-378b16a8f63c;70207447-bba3-4e36-8a23-79aea0c9b58d;expense;15.00;Patty;2025-12-04 11:20:23.010199+00
c09a3e03-93f2-4d92-80b7-39a19f6b2b8b;312b498a-bf14-4917-b2a7-378b16a8f63c;70207447-bba3-4e36-8a23-79aea0c9b58d;expense;137.00;Pizza;2025-12-06 12:27:42.758748+00
36ddc032-3529-44d8-9fe4-6c0290ee3f19;312b498a-bf14-4917-b2a7-378b16a8f63c;1bd073de-946e-4f14-8cc3-eb07bbd60012;expense;101.00;Pizza;2025-12-06 12:28:01.766661+00
a381daf7-4791-4c9d-bdd5-ec5219d9eaf4;312b498a-bf14-4917-b2a7-378b16a8f63c;1bd073de-946e-4f14-8cc3-eb07bbd60012;expense;138.00;Train;2025-12-06 12:41:15.088583+00
4503c433-93c8-4e40-a2f4-15949d5825c6;312b498a-bf14-4917-b2a7-378b16a8f63c;1bd073de-946e-4f14-8cc3-eb07bbd60012;expense;20.00;Chips;2025-12-06 14:45:02.08095+00
0deacb48-b51a-4c43-b290-4084b59b567b;312b498a-bf14-4917-b2a7-378b16a8f63c;1bd073de-946e-4f14-8cc3-eb07bbd60012;expense;20.00;Chips;2025-12-10 06:53:41.1334+00
21ec91db-5e71-401c-891f-2eb6268816ec;312b498a-bf14-4917-b2a7-378b16a8f63c;1bd073de-946e-4f14-8cc3-eb07bbd60012;expense;51.00;Train;2025-12-11 15:05:02.237379+00
fe2e349d-54e7-4c86-8e7d-af26fd77a71f;312b498a-bf14-4917-b2a7-378b16a8f63c;c82775f2-f06a-490f-90cb-4862ee6f5bdd;expense;251.00;Self;2025-12-13 08:35:53.682651+00
26d8370a-d0da-4a9c-a705-5e0859d4c233;312b498a-bf14-4917-b2a7-378b16a8f63c;;income;1000.00;Pocket Money;2025-12-19 08:14:10.654161+00
2be199cf-c9ca-49f4-8483-0402ddd2e1d0;312b498a-bf14-4917-b2a7-378b16a8f63c;c82775f2-f06a-490f-90cb-4862ee6f5bdd;expense;166.00;Meal;2025-12-21 05:55:50.285403+00
f18d79de-85ee-4147-9551-01e0b078e69d;312b498a-bf14-4917-b2a7-378b16a8f63c;70207447-bba3-4e36-8a23-79aea0c9b58d;expense;70.00;Meal;2025-12-21 05:56:21.958492+00
68637a53-581c-4d7e-933a-a8f002b3af70;312b498a-bf14-4917-b2a7-378b16a8f63c;1276123b-ceaf-4b81-9f7f-545760f2a002;expense;20.00;Gold;2025-12-21 05:59:11.984899+00
897d97b2-427e-42c2-9916-3f15273b8994;312b498a-bf14-4917-b2a7-378b16a8f63c;1276123b-ceaf-4b81-9f7f-545760f2a002;expense;10.00;Pen;2025-12-21 11:18:50.372159+00
d5c3bfee-7f72-4b25-98f1-f2c8ddc80f3b;312b498a-bf14-4917-b2a7-378b16a8f63c;1276123b-ceaf-4b81-9f7f-545760f2a002;expense;70.00;Wrap;2025-12-21 11:19:07.551566+00
3ff900b1-aad1-4e6f-b7fa-e9aa33866fc9;312b498a-bf14-4917-b2a7-378b16a8f63c;3c74c0f2-b750-4cfa-9042-38908e880a46;expense;10.00;E rickshaw ;2025-12-26 10:35:32.944654+00
19df20ed-8938-425c-af1d-2d5aa8414e35;312b498a-bf14-4917-b2a7-378b16a8f63c;6d8ee38d-5b01-42b3-83aa-3230cd1692a9;expense;50.00;Laddu and ro;2025-12-26 10:35:55.650229+00
55a24177-e26f-4c3c-af1f-74ebce152e0c;312b498a-bf14-4917-b2a7-378b16a8f63c;1bd073de-946e-4f14-8cc3-eb07bbd60012;expense;20.00;Banana;2025-12-26 10:36:14.576835+00
5c43e67c-3a48-4121-86c8-019761cf5528;312b498a-bf14-4917-b2a7-378b16a8f63c;1bd073de-946e-4f14-8cc3-eb07bbd60012;expense;50.00;College to bypass ;2025-12-26 10:36:32.984078+00
3b04e5bb-63b1-485b-aea7-945dfd8c86e2;312b498a-bf14-4917-b2a7-378b16a8f63c;1bd073de-946e-4f14-8cc3-eb07bbd60012;expense;50.00;Bus fare;2025-12-26 10:36:49.580845+00
24b3fdd6-89b3-4891-9003-3ee2ff7e1d86;312b498a-bf14-4917-b2a7-378b16a8f63c;1bd073de-946e-4f14-8cc3-eb07bbd60012;expense;20.00;E rickshaw ;2025-12-26 10:37:20.401518+00
396b826c-173c-42fb-87f9-b07835afdc32;312b498a-bf14-4917-b2a7-378b16a8f63c;;income;1500.00;Pocket Money;2026-01-06 12:58:31.383822+00
6f5f5cc1-16db-452f-b817-e46629c660c2;312b498a-bf14-4917-b2a7-378b16a8f63c;1276123b-ceaf-4b81-9f7f-545760f2a002;expense;111.00;;2026-01-07 05:09:56.246062+00
e8ee7ee0-185e-4222-9707-9a90f6b7b72f;312b498a-bf14-4917-b2a7-378b16a8f63c;1276123b-ceaf-4b81-9f7f-545760f2a002;expense;161.00;Train;2026-01-07 05:20:27.27479+00
fea58884-4258-4e05-b2b5-7bccdc06bf8f;312b498a-bf14-4917-b2a7-378b16a8f63c;1276123b-ceaf-4b81-9f7f-545760f2a002;expense;40.00;Bypass ;2026-01-09 11:12:59.043673+00
597bc732-3d9b-4d2f-bcb0-e460956d0cb3;312b498a-bf14-4917-b2a7-378b16a8f63c;1276123b-ceaf-4b81-9f7f-545760f2a002;expense;55.00;Bus;2026-01-09 11:13:16.176869+00
1222156e-7693-496f-84a1-a1dda6975868;312b498a-bf14-4917-b2a7-378b16a8f63c;1276123b-ceaf-4b81-9f7f-545760f2a002;expense;40.00;Chips;2026-01-09 11:13:41.991049+00
8c2dc192-ed99-47c9-b689-17ff41781344;312b498a-bf14-4917-b2a7-378b16a8f63c;1276123b-ceaf-4b81-9f7f-545760f2a002;expense;50.00;Snacks;2026-01-09 12:23:50.464944+00
a7eca445-fef6-467e-98ab-153b1f6009c5;312b498a-bf14-4917-b2a7-378b16a8f63c;3c74c0f2-b750-4cfa-9042-38908e880a46;expense;900.00;Train;2026-01-16 13:25:24.970109+00
eee4c7e0-4c21-4d5e-b8ea-1d32ad0aa8e4;312b498a-bf14-4917-b2a7-378b16a8f63c;1276123b-ceaf-4b81-9f7f-545760f2a002;expense;70.00;Pen;2026-01-16 13:25:41.877176+00
e3b188a0-e4d3-4357-bf5e-732d817666bc;312b498a-bf14-4917-b2a7-378b16a8f63c;1276123b-ceaf-4b81-9f7f-545760f2a002;expense;219.00;Clothes;2026-01-16 13:41:17.634262+00
bda5e116-b30e-470a-b067-d533ce7c3967;312b498a-bf14-4917-b2a7-378b16a8f63c;1bd073de-946e-4f14-8cc3-eb07bbd60012;expense;20.00;Auto;2026-01-16 13:42:53.186253+00
7def725d-daaa-48f8-bb3a-25e69d57bcb6;312b498a-bf14-4917-b2a7-378b16a8f63c;1bd073de-946e-4f14-8cc3-eb07bbd60012;expense;50.00;Bus;2026-01-16 13:43:06.137121+00
736cb505-bb41-4de5-8736-4fa00abe6eab;312b498a-bf14-4917-b2a7-378b16a8f63c;1bd073de-946e-4f14-8cc3-eb07bbd60012;expense;40.00;Auto;2026-01-16 13:43:21.447594+00
1dae030a-c58c-4c3f-a620-0b79fda39e68;312b498a-bf14-4917-b2a7-378b16a8f63c;1bd073de-946e-4f14-8cc3-eb07bbd60012;expense;10.00;Auto;2026-01-16 13:43:32.185597+00
65e5419e-43dd-412b-9c62-e72709aee9c9;312b498a-bf14-4917-b2a7-378b16a8f63c;1bd073de-946e-4f14-8cc3-eb07bbd60012;expense;147.00;Train;2026-01-16 13:56:01.615701+00
e0be5099-742a-4199-b254-475d947e139f;312b498a-bf14-4917-b2a7-378b16a8f63c;1bd073de-946e-4f14-8cc3-eb07bbd60012;expense;162.00;Train;2026-01-16 13:56:11.846716+00
2d6cf895-aa3d-4c90-9db6-68009279e068;312b498a-bf14-4917-b2a7-378b16a8f63c;;income;1000.00;Pocket Money;2026-01-16 13:57:02.328554+00
ce882037-1c6d-4b10-8d37-afc40fff8211;312b498a-bf14-4917-b2a7-378b16a8f63c;70207447-bba3-4e36-8a23-79aea0c9b58d;expense;234.00;Dinner ;2026-01-23 14:14:08.108558+00
4e955271-7e87-4a42-a3ef-f785bb64dd03;312b498a-bf14-4917-b2a7-378b16a8f63c;70207447-bba3-4e36-8a23-79aea0c9b58d;expense;99.00;Fun;2026-01-23 14:14:40.852094+00
fa84cc6a-cfb4-4a4f-9467-3ea07d1cc486;312b498a-bf14-4917-b2a7-378b16a8f63c;70207447-bba3-4e36-8a23-79aea0c9b58d;expense;40.00;Pepsi;2026-01-23 14:15:25.497794+00
52344268-8a8c-4591-bf9b-edbfacbf6ef6;312b498a-bf14-4917-b2a7-378b16a8f63c;1bd073de-946e-4f14-8cc3-eb07bbd60012;expense;40.00;bread omelette;2026-01-27 10:03:33.819966+00
6e5aa069-435b-4305-9ec7-e0b602366e6a;312b498a-bf14-4917-b2a7-378b16a8f63c;1bd073de-946e-4f14-8cc3-eb07bbd60012;expense;229.00;Airtel;2026-01-27 10:08:20.045856+00
3e7ca2af-f22d-470d-8107-aea54760aeb1;312b498a-bf14-4917-b2a7-378b16a8f63c;c82775f2-f06a-490f-90cb-4862ee6f5bdd;expense;63.00;toothbrush;2026-01-27 10:09:47.998269+00
bcf1c3d0-e5df-4b16-b27c-5de947731b0b;312b498a-bf14-4917-b2a7-378b16a8f63c;70207447-bba3-4e36-8a23-79aea0c9b58d;expense;21.00;Maggie and popcorn;2026-01-27 10:10:34.611269+00
cce2cda5-af99-4406-a622-151f54e2c88e;312b498a-bf14-4917-b2a7-378b16a8f63c;1276123b-ceaf-4b81-9f7f-545760f2a002;expense;109.00;dettol;2026-01-27 10:11:31.369186+00
4eba73e3-0a66-42e5-b913-01ba3aaf8a01;312b498a-bf14-4917-b2a7-378b16a8f63c;1bd073de-946e-4f14-8cc3-eb07bbd60012;expense;54.00;dettol;2026-01-27 10:11:47.931163+00
c19afef9-8f8f-4820-a7ce-77b5f77fe1b1;312b498a-bf14-4917-b2a7-378b16a8f63c;70207447-bba3-4e36-8a23-79aea0c9b58d;expense;21.00;popcorn;2026-01-27 10:32:39.610673+00
7359735a-4d83-4b0b-94b7-ae7bc3a8a7f3;312b498a-bf14-4917-b2a7-378b16a8f63c;1bd073de-946e-4f14-8cc3-eb07bbd60012;expense;36.00;razor;2026-01-27 10:33:00.971531+00
1da9e7b4-2ef9-4685-a2df-5ec75a40ec1b;312b498a-bf14-4917-b2a7-378b16a8f63c;70207447-bba3-4e36-8a23-79aea0c9b58d;expense;199.00;razor, chips, guava, banana;2026-01-27 10:33:44.602084+00
7c497980-ebdf-4b70-9cf3-845ff4c858a4;312b498a-bf14-4917-b2a7-378b16a8f63c;;income;1000.00;Pocket money ;2026-01-28 05:05:43.718907+00
93834b24-9249-4cd9-8270-314ce3177fd2;312b498a-bf14-4917-b2a7-378b16a8f63c;1276123b-ceaf-4b81-9f7f-545760f2a002;expense;20.00;Gold;2026-01-30 05:48:54.370399+00
3b0466a7-71e8-426f-9be8-4cdcafceb99c;312b498a-bf14-4917-b2a7-378b16a8f63c;1bd073de-946e-4f14-8cc3-eb07bbd60012;expense;10.00;Auto;2026-01-30 05:49:15.745784+00
c60073ec-b017-449b-a7b2-eb68183d79f6;312b498a-bf14-4917-b2a7-378b16a8f63c;70207447-bba3-4e36-8a23-79aea0c9b58d;expense;335.00;Burgers;2026-01-31 12:04:33.515892+00
40b13c96-2f9f-49c0-ae18-e027b4763489;312b498a-bf14-4917-b2a7-378b16a8f63c;70207447-bba3-4e36-8a23-79aea0c9b58d;expense;43.00;Energy drink;2026-02-05 05:36:02.496591+00
e499c3af-bffa-417b-a6d8-6a915b911a34;312b498a-bf14-4917-b2a7-378b16a8f63c;1bd073de-946e-4f14-8cc3-eb07bbd60012;expense;173.00;Gripper and Bananas;2026-02-05 05:36:31.247431+00
c7ee2ab5-53bc-4da9-9391-a56aebf239c4;312b498a-bf14-4917-b2a7-378b16a8f63c;1bd073de-946e-4f14-8cc3-eb07bbd60012;expense;10.00;Auto;2026-02-05 05:40:04.742495+00
2048e235-b15b-414d-8110-9ec6b951abea;312b498a-bf14-4917-b2a7-378b16a8f63c;1bd073de-946e-4f14-8cc3-eb07bbd60012;expense;10.00;E rickshaw ;2026-02-09 14:57:40.675079+00
5a084ada-8ef3-4ace-bde2-7e1c8f010db2;312b498a-bf14-4917-b2a7-378b16a8f63c;1bd073de-946e-4f14-8cc3-eb07bbd60012;expense;47.00;Auto;2026-02-09 14:58:00.584897+00
4788d9ee-6a73-476a-8844-1eca58e03f3e;312b498a-bf14-4917-b2a7-378b16a8f63c;70207447-bba3-4e36-8a23-79aea0c9b58d;expense;50.00;Bus;2026-02-09 14:58:31.327186+00
84db1836-3440-4fcc-a965-bcefbe81fb70;312b498a-bf14-4917-b2a7-378b16a8f63c;;income;1500.00;Pocket money ;2026-02-09 14:59:48.137309+00
f0651b21-753e-46eb-bdfd-4f07ac0db33e;312b498a-bf14-4917-b2a7-378b16a8f63c;1bd073de-946e-4f14-8cc3-eb07bbd60012;expense;40.00;Kulcha;2026-02-09 15:00:09.124657+00
fbba9765-4121-42f6-8ee9-00cb8f1c1283;312b498a-bf14-4917-b2a7-378b16a8f63c;70207447-bba3-4e36-8a23-79aea0c9b58d;expense;20.00;Golgappe;2026-02-09 15:01:23.209588+00
e0a592f6-72fc-4cd0-a3f9-b065c64ce27f;312b498a-bf14-4917-b2a7-378b16a8f63c;1bd073de-946e-4f14-8cc3-eb07bbd60012;expense;40.00;Chips;2026-02-09 15:02:27.076235+00
f0be5d94-6ea5-4d06-ae48-19055760a5aa;312b498a-bf14-4917-b2a7-378b16a8f63c;70207447-bba3-4e36-8a23-79aea0c9b58d;expense;20.00;Patty;2026-02-09 15:02:40.075547+00
4e143c9a-a726-4fcd-af2c-cf9fa59a8f60;312b498a-bf14-4917-b2a7-378b16a8f63c;1bd073de-946e-4f14-8cc3-eb07bbd60012;expense;20.00;E rickshaw ;2026-02-09 15:03:35.200405+00
76ce7485-28a1-489b-852b-3fba2a5d64e7;312b498a-bf14-4917-b2a7-378b16a8f63c;70207447-bba3-4e36-8a23-79aea0c9b58d;expense;160.00;2 Pizzas;2026-02-11 05:09:49.490478+00
c45c087d-9951-40ef-8af7-57dd7618f374;312b498a-bf14-4917-b2a7-378b16a8f63c;70207447-bba3-4e36-8a23-79aea0c9b58d;expense;55.00;Burger and Drink;2026-02-13 14:54:29.031481+00
38222f9d-8e7c-4e84-ad19-cd9e2f37ed27;312b498a-bf14-4917-b2a7-378b16a8f63c;1bd073de-946e-4f14-8cc3-eb07bbd60012;expense;40.00;notebooks;2026-02-13 14:54:48.835407+00
fff24897-59e4-4d19-8dc3-fd6d347936c0;8ce95a6b-b8ab-4079-82e0-b6de894cf56e;;income;624839.00;;2026-02-15 05:34:06.442844+00
29265d5d-290b-4697-b778-78a2db65918f;14468972-b3c3-49df-8ba3-74a71d718dde;;income;10000.00;;2026-02-16 18:44:47.577665+00
0e939d2a-0de8-46d7-b2bd-e7bee5089fd3;312b498a-bf14-4917-b2a7-378b16a8f63c;70207447-bba3-4e36-8a23-79aea0c9b58d;expense;25.00;Limca;2026-02-20 07:33:53.997171+00
e36c6cd8-1999-4b9c-bea1-9fee10fea930;312b498a-bf14-4917-b2a7-378b16a8f63c;70207447-bba3-4e36-8a23-79aea0c9b58d;expense;25.00;Coke;2026-02-20 07:34:06.67227+00
1f2d7526-558c-4b78-b14d-45ba75db3f22;312b498a-bf14-4917-b2a7-378b16a8f63c;1bd073de-946e-4f14-8cc3-eb07bbd60012;expense;162.00;Train SIR to ASR;2026-02-20 07:38:10.296657+00
eff4b8b4-7ed7-44fa-b1c1-90cabd2a579f;312b498a-bf14-4917-b2a7-378b16a8f63c;1bd073de-946e-4f14-8cc3-eb07bbd60012;expense;147.00;Train ASR to SIR;2026-02-20 07:38:38.433308+00
b4e0bfdb-fec9-4a70-bff7-f6a146f9eb2e;312b498a-bf14-4917-b2a7-378b16a8f63c;;income;1000.00;Pocket money ;2026-02-20 07:39:51.890285+00
dd8baf47-0740-43d5-9fd7-3cd904c4175b;312b498a-bf14-4917-b2a7-378b16a8f63c;1276123b-ceaf-4b81-9f7f-545760f2a002;expense;105.00;IND;2026-02-20 07:40:50.712773+00
e847e0de-3efe-4849-936e-a6a103650293;312b498a-bf14-4917-b2a7-378b16a8f63c;;income;79.00;IND;2026-02-20 07:41:19.911667+00
33743fa7-8321-46d4-8abc-a0354f1ba8a9;312b498a-bf14-4917-b2a7-378b16a8f63c;70207447-bba3-4e36-8a23-79aea0c9b58d;expense;40.00;Chips;2026-02-25 15:42:28.797818+00
7e0505ff-935c-417d-9afd-71e374551ef4;312b498a-bf14-4917-b2a7-378b16a8f63c;1bd073de-946e-4f14-8cc3-eb07bbd60012;expense;100.00;Train ;2026-02-25 15:42:41.843686+00
7fe3f57f-515e-4027-8d8b-bd366d913a5d;312b498a-bf14-4917-b2a7-378b16a8f63c;1bd073de-946e-4f14-8cc3-eb07bbd60012;expense;55.00;Bus;2026-02-25 15:42:53.217986+00
cba96d9b-7780-4129-b003-261aed1e5448;312b498a-bf14-4917-b2a7-378b16a8f63c;1bd073de-946e-4f14-8cc3-eb07bbd60012;expense;20.00;Auto;2026-02-25 15:43:06.298092+00
fb5a05e1-996d-4f93-a7ff-219e67e4d80d;312b498a-bf14-4917-b2a7-378b16a8f63c;1bd073de-946e-4f14-8cc3-eb07bbd60012;expense;40.00;Auto;2026-02-25 15:43:30.069837+00
d932401b-0efa-429c-937e-f2494f24f152;312b498a-bf14-4917-b2a7-378b16a8f63c;1bd073de-946e-4f14-8cc3-eb07bbd60012;expense;50.00;Bus;2026-02-25 15:43:47.03961+00
ca675570-4c33-43b6-b077-fbe653360f89;312b498a-bf14-4917-b2a7-378b16a8f63c;1bd073de-946e-4f14-8cc3-eb07bbd60012;expense;20.00;Auto;2026-02-25 15:43:59.084809+00
164f0fef-cdd7-4a62-95d1-4ae0750128fe;312b498a-bf14-4917-b2a7-378b16a8f63c;70207447-bba3-4e36-8a23-79aea0c9b58d;expense;50.00;Auto;2026-02-25 15:44:09.172774+00
6ad4c628-7d7d-46ad-afce-9f668cb867ef;312b498a-bf14-4917-b2a7-378b16a8f63c;1bd073de-946e-4f14-8cc3-eb07bbd60012;expense;10.00;Auto;2026-02-25 15:44:18.684933+00
1cc877e5-5940-4c67-b05a-a3bf1b9170fe;312b498a-bf14-4917-b2a7-378b16a8f63c;70207447-bba3-4e36-8a23-79aea0c9b58d;expense;42.00;;2026-02-25 16:11:55.912236+00
b5dd68ae-fd12-4df1-b5b5-5fa25fd88ef4;312b498a-bf14-4917-b2a7-378b16a8f63c;70207447-bba3-4e36-8a23-79aea0c9b58d;expense;40.00;Auto;2026-02-25 16:33:52.630923+00
715dca3c-16f1-4931-b6ad-00f845fc4aa3;312b498a-bf14-4917-b2a7-378b16a8f63c;70207447-bba3-4e36-8a23-79aea0c9b58d;expense;50.00;Bus;2026-02-25 16:34:15.260078+00
6cdd80e9-acbe-4b87-9e1b-2bcb8722b152;312b498a-bf14-4917-b2a7-378b16a8f63c;70207447-bba3-4e36-8a23-79aea0c9b58d;expense;20.00;Samose;2026-02-25 16:34:54.067392+00
742cbeb6-2b99-453f-b855-11865dc50cd5;312b498a-bf14-4917-b2a7-378b16a8f63c;70207447-bba3-4e36-8a23-79aea0c9b58d;expense;20.00;Auto;2026-02-25 16:35:03.855128+00
40034226-db28-442c-83fe-35e2c4a8a498;312b498a-bf14-4917-b2a7-378b16a8f63c;70207447-bba3-4e36-8a23-79aea0c9b58d;expense;30.00;Laddoo;2026-02-25 16:35:18.99981+00
49ed71b0-5988-48ea-9b84-315ecd2de9ed;312b498a-bf14-4917-b2a7-378b16a8f63c;70207447-bba3-4e36-8a23-79aea0c9b58d;expense;20.00;Auto;2026-02-25 16:37:22.046688+00
1dcb97cf-5b1f-4c30-bddf-d558b56ebd99;312b498a-bf14-4917-b2a7-378b16a8f63c;1bd073de-946e-4f14-8cc3-eb07bbd60012;expense;20.00;Dal;2026-02-25 16:37:38.044552+00
5ac96387-3178-4097-abb3-cdf5ffe84241;312b498a-bf14-4917-b2a7-378b16a8f63c;;income;425.00;Pocket Money;2026-02-28 14:23:50.621369+00
27b9a6cb-9a13-4cbe-9c88-eb30039c37a1;312b498a-bf14-4917-b2a7-378b16a8f63c;70207447-bba3-4e36-8a23-79aea0c9b58d;expense;210.95;Pizzas;2026-03-01 12:53:22.00856+00
d350e2ea-16b4-4fe9-bc4e-e50cde147ebb;312b498a-bf14-4917-b2a7-378b16a8f63c;1bd073de-946e-4f14-8cc3-eb07bbd60012;expense;87.00;Lite mixture;2026-03-06 12:26:56.287593+00
c931a13b-7106-4430-b23f-5b595e1ab528;312b498a-bf14-4917-b2a7-378b16a8f63c;3c74c0f2-b750-4cfa-9042-38908e880a46;expense;172.30;Groceries;2026-03-06 12:28:40.013518+00
c27d1510-79a6-4462-b3e3-cac159e02b12;40460e3c-4023-4c94-95ad-a9ce57378c72;;income;2345.00;123r4rgt;2026-03-08 05:25:28.07117+00
328eebad-fabc-4d57-9fb1-620b90ef7c60;929b23e8-96fd-46d1-8c71-619eefee12fd;;income;1000000.00;Salary ;2026-03-09 16:30:33.113288+00
31357b2d-5f98-41e4-a066-0d2ab9c4aac1;312b498a-bf14-4917-b2a7-378b16a8f63c;1bd073de-946e-4f14-8cc3-eb07bbd60012;expense;80.00;Pen and Auto;2026-03-10 10:48:32.038235+00
a0584db1-62c8-41c2-9b18-ca170edac2f6;2f4caafc-a3a1-4ea5-b3ab-caa08b7d5855;;income;30000.00;;2026-03-11 09:05:55.933865+00
c4dcdf8f-3ec7-479d-b808-60c4d57becd8;312b498a-bf14-4917-b2a7-378b16a8f63c;;income;1000.00;Pocket money ;2026-03-11 16:07:17.776077+00
2c6dc253-a0cb-4168-a6e2-6955ea51e4e4;312b498a-bf14-4917-b2a7-378b16a8f63c;70207447-bba3-4e36-8a23-79aea0c9b58d;expense;50.00;Paneer roll and paneer sandwich ;2026-03-11 16:07:56.891844+00
9306cbfa-cf30-49ca-bcbc-9fb4c44cec2c;b1c183eb-ec4e-4289-a956-8113777d2c75;;income;11111.00;;2026-03-12 09:28:50.510479+00
1a2ba74c-7c62-4c66-a7bf-24a0a0ee6bb8;b1c183eb-ec4e-4289-a956-8113777d2c75;ea9fdaeb-5d97-4e8e-9417-8a4a4d6cdef6;expense;1111.00;;2026-03-12 09:29:01.940824+00
dd0d7274-84be-4a15-a525-f6719779fd4c;312b498a-bf14-4917-b2a7-378b16a8f63c;70207447-bba3-4e36-8a23-79aea0c9b58d;expense;125.00;Monster;2026-03-12 11:17:52.912028+00
fa269d0b-b601-4962-b410-8d885fe120de;29a25228-d7ec-4bc3-947b-2dcb03c76792;;income;35000.00;Salary;2026-03-12 13:31:45.965615+00
c3f76185-240d-4939-9225-c9214eab9af2;2bdd3609-5d82-41f2-8435-2e0a7689ca27;;income;80000.00;base salary;2026-03-12 18:47:32.771576+00
0967e08f-5d4f-42bc-bf12-55ef267b6c9a;0048bd4c-79cf-4de6-8600-4fc5aae033f0;;income;25000.00;salary;2026-03-15 01:49:35.682973+00
2625d443-d891-4ba8-a399-852c1702fe9d;0048bd4c-79cf-4de6-8600-4fc5aae033f0;67da725b-d037-4bfc-95cc-70913ea738e4;expense;2000.02;clothes;2026-03-15 01:50:37.225598+00
bc844ef6-5249-4e3b-a49b-3d252d3c2a9b;0048bd4c-79cf-4de6-8600-4fc5aae033f0;217ace1e-fa2e-42fa-8c34-1a655544f4d1;expense;1500.00;hj;2026-03-15 01:51:15.216328+00
922f535c-892d-4979-b50f-4759b3d09c6b;6dbbba41-0964-45a0-a5fb-eb152df74963;;income;10000.00;Profit;2026-03-15 09:25:33.220576+00
366ee7dc-dd82-41e3-a4bb-c2ac17ccffaa;6dbbba41-0964-45a0-a5fb-eb152df74963;456f99bf-5112-416c-b5c2-98fa7684f10f;expense;300.00;Gamble;2026-03-15 09:25:49.132912+00
dde2b308-5581-4403-b90c-8538f7728a05;6dbbba41-0964-45a0-a5fb-eb152df74963;;income;500.00;Test Income;2026-03-15 09:45:44.048732+00
cfb02f60-db71-43fd-8bd9-4415f5d64012;8daecfb4-fc8f-49b5-bd83-48ae2bf19197;0c518800-c470-4b16-a045-d734c7f35178;expense;1000.00;;2026-03-15 17:18:13.452657+00
c079849d-2621-401c-9320-99c41417b814;8daecfb4-fc8f-49b5-bd83-48ae2bf19197;0c518800-c470-4b16-a045-d734c7f35178;expense;1000.00;;2026-03-15 17:18:34.833192+00
b9882c65-9892-49b6-9c46-746b826991bb;8daecfb4-fc8f-49b5-bd83-48ae2bf19197;0c518800-c470-4b16-a045-d734c7f35178;expense;2000.00;;2026-03-15 17:18:48.674935+00
c0b439d3-9f72-42b6-84bd-07219fecb5ab;22009f9f-195f-4ad3-8c74-2bb94cad4649;;income;7767.00;;2026-03-15 18:43:38.311308+00
faf8d240-8579-4dae-b667-ccd022bca190;312b498a-bf14-4917-b2a7-378b16a8f63c;70207447-bba3-4e36-8a23-79aea0c9b58d;expense;20.00;5 star;2026-03-16 14:48:20.748181+00